-- Добавление тестовых данных в таблицу `Author`
INSERT INTO "books_author" ("id", "full_name", "about")
VALUES
    ('cfb8bde0-3a2b-4f35-a462-792b646c4d20', 'Лев Толстой', 'Русский писатель, автор "Война и мир" и "Анна Каренина"'),
    ('d6e2e3b2-0f30-4a11-bc36-01e09fc89179', 'Федор Достоевский', 'Русский писатель, автор "Преступление и наказание"'),
    ('e4f30ee9-0e68-48f7-9b02-5df78b5cd26b', 'Эрнест Хемингуэй', 'Американский писатель, автор "Старик и море"'),
    ('c208a173-2062-4c08-abe5-25e81cf92494', 'Джордж Оруэлл', 'Британский писатель, автор "1984"'),
    ('c3eaa29f-7f82-4ac0-bdc7-65dbb3f80a38', 'Франц Кафка', 'Австрийский писатель, автор "Процесс"');

-- Добавление тестовых данных в таблицу `Publisher`
INSERT INTO "books_publisher" ("id", "name")
VALUES
    ('d192ac81-f9a0-4b3b-84d1-1a6329f42d1d', 'Издательство АСТ'),
    ('da13e2e1-6fd4-48b6-a6c4-ff18ab9443f5', 'Эксмо'),
    ('c7cfef93-290e-4d7e-8b2c-c8d17db19be4', 'Питер'),
    ('aa10580b-2a09-43eb-9f6d-80b9a4958b8b', 'Манн, Иванов и Фербер'),
    ('f51743ee-4481-4539-92c1-9f5cf35bf8b5', 'ACT');

-- Добавление тестовых данных в таблицу `Genre`
INSERT INTO "books_genre" ("id", "name")
VALUES
    ('d7c5e79e-55b6-4fb7-b73e-4f62a2e11b4b', 'Роман'),
    ('da1e5d90-1a17-4994-8a6a-550e8d97b77a', 'Повесть'),
    ('de20bc63-d161-4e5f-afcb-408bd7fc8ae0', 'Фантастика'),
    ('f13a1678-cc4e-416f-8a36-dc34f7ff42f9', 'Детектив'),
    ('f2bb6d99-8abf-4ed1-a56a-6b86d0414689', 'Публицистика');

-- Добавление тестовых данных в таблицу `Book`
INSERT INTO "books_book" ("id", "title", "description", "publishing_company_id", "publication_date")
VALUES
    ('a8d04f5c-808f-4913-aa6d-7a3edf5b5ad1', 'Война и мир', 'Эпический роман Льва Толстого, описывающий события войн против Наполеона', 'd192ac81-f9a0-4b3b-84d1-1a6329f42d1d', '1869-01-01'),
    ('b201d7a9-8e85-47a5-bd34-678e2b324723', 'Преступление и наказание', 'Роман Федора Достоевского о молодом студенте Родионе Раскольникове', 'da13e2e1-6fd4-48b6-a6c4-ff18ab9443f5', '1866-01-01'),
    ('c1b4a9cf-1a2b-4f53-ae90-9f8aee292d2f', 'Старик и море', 'Повесть Эрнеста Хемингуэя о старике и его сражении с гигантской рыбой', 'c7cfef93-290e-4d7e-8b2c-c8d17db19be4', '1952-01-01'),
    ('f4e37ba4-f8cc-4ff2-8506-c9aa63c05f38', '1984', 'Роман Джорджа Оруэлла, описывающий дистопическое будущее', 'aa10580b-2a09-43eb-9f6d-80b9a4958b8b', '1949-01-01'),
    ('e8fc3e45-61d4-4a60-aefa-7c151363f100', 'Процесс', 'Роман Франца Кафки, описывающий бюрократический кошмар', 'f51743ee-4481-4539-92c1-9f5cf35bf8b5', '1925-01-01');

-- Добавление тестовых данных в таблицу `books_book_author`
INSERT INTO "books_book_author" ("book_id", "author_id")
VALUES
    ('a8d04f5c-808f-4913-aa6d-7a3edf5b5ad1', 'cfb8bde0-3a2b-4f35-a462-792b646c4d20'),
    ('b201d7a9-8e85-47a5-bd34-678e2b324723', 'd6e2e3b2-0f30-4a11-bc36-01e09fc89179'),
    ('c1b4a9cf-1a2b-4f53-ae90-9f8aee292d2f', 'e4f30ee9-0e68-48f7-9b02-5df78b5cd26b'),
    ('f4e37ba4-f8cc-4ff2-8506-c9aa63c05f38', 'c208a173-2062-4c08-abe5-25e81cf92494'),
    ('e8fc3e45-61d4-4a60-aefa-7c151363f100', 'c3eaa29f-7f82-4ac0-bdc7-65dbb3f80a38');

-- Добавление тестовых данных в таблицу `books_book_genre`
INSERT INTO "books_book_genre" ("book_id", "genre_id")
VALUES
    ('a8d04f5c-808f-4913-aa6d-7a3edf5b5ad1', 'd7c5e79e-55b6-4fb7-b73e-4f62a2e11b4b'),
    ('b201d7a9-8e85-47a5-bd34-678e2b324723', 'da1e5d90-1a17-4994-8a6a-550e8d97b77a'),
    ('c1b4a9cf-1a2b-4f53-ae90-9f8aee292d2f', 'da1e5d90-1a17-4994-8a6a-550e8d97b77a'),
    ('f4e37ba4-f8cc-4ff2-8506-c9aa63c05f38', 'f13a1678-cc4e-416f-8a36-dc34f7ff42f9'),
    ('e8fc3e45-61d4-4a60-aefa-7c151363f100', 'f2bb6d99-8abf-4ed1-a56a-6b86d0414689');
